{
  "overall": {
    "accuracy": 0.6111111111111112,
    "weighted_f1": 0.5606072736259613
  },
  "per_class": {
    "Broader": {
      "precision": 0.9166666666666666,
      "recall": 0.7586206896551724,
      "f1": 0.8301886792452831,
      "support": 29
    },
    "Different": {
      "precision": 0.38461538461538464,
      "recall": 1.0,
      "f1": 0.5555555555555556,
      "support": 20
    },
    "Exact": {
      "precision": 0.6229508196721312,
      "recall": 0.95,
      "f1": 0.7524752475247525,
      "support": 40
    },
    "Narrower": {
      "precision": 0.9090909090909091,
      "recall": 0.6451612903225806,
      "f1": 0.7547169811320755,
      "support": 31
    },
    "Related": {
      "precision": 0.4482758620689655,
      "recall": 0.4482758620689655,
      "f1": 0.4482758620689655,
      "support": 29
    },
    "Synonym": {
      "precision": 1.0,
      "recall": 0.02564102564102564,
      "f1": 0.05,
      "support": 39
    },
    "Uninformative": {
      "precision": 0.7777777777777778,
      "recall": 0.7,
      "f1": 0.7368421052631579,
      "support": 10
    }
  },
  "confusion_matrix": {
    "matrix": [
      [
        22,
        4,
        0,
        0,
        3,
        0,
        0
      ],
      [
        0,
        20,
        0,
        0,
        0,
        0,
        0
      ],
      [
        0,
        0,
        38,
        1,
        0,
        0,
        1
      ],
      [
        0,
        5,
        1,
        20,
        5,
        0,
        0
      ],
      [
        0,
        14,
        1,
        0,
        13,
        0,
        1
      ],
      [
        2,
        9,
        21,
        0,
        6,
        1,
        0
      ],
      [
        0,
        0,
        0,
        1,
        2,
        0,
        7
      ]
    ],
    "classes": [
      "Broader",
      "Different",
      "Exact",
      "Narrower",
      "Related",
      "Synonym",
      "Uninformative"
    ]
  }
}