file,accuracy,macro_f1,weighted_f1,macro_precision,weighted_precision,macro_recall,weighted_recall,mcc
gpto1_v3.1_zero,0.49074074074074076,0.38198874086973117,0.42705260568787523,0.3732632927953993,0.4118184266316391,0.4361904761904762,0.49074074074074076,0.40299753939941796
gpt4olatest_v3.1_zero,0.4166666666666667,0.34384622714637647,0.3866723936507135,0.3971111038780212,0.4373994985593427,0.36830287670623807,0.4166666666666667,0.3114145865235759
gpt4o_v3.1_zero,0.4166666666666667,0.3435146204538161,0.38137833474769944,0.38296024151287306,0.4195278811506882,0.37453114579165,0.4166666666666667,0.31387330051041756
gpto3mini_v3.1_zero,0.38425925925925924,0.3062124331856658,0.33519870954096526,0.31812962451260324,0.35102317618309836,0.3531216931216931,0.38425925925925924,0.28532037612971806
gpto3mini_v1.0_zero,0.30092592592592593,0.28115359879678514,0.24447133980544122,0.4250732111026228,0.4048992197889257,0.37075719176559513,0.30092592592592593,0.1976799881548071
gpt4olatest_v1.0_zero,0.27314814814814814,0.22987031233606578,0.2508269381557053,0.24191839581682476,0.26968605184717714,0.2539620292561469,0.27314814814814814,0.1468794926516729
gpto1_v1.0_zero,0.26851851851851855,0.21716492415258062,0.22137765958812097,0.29922696351267775,0.2975619288119287,0.26038682139522473,0.26851851851851855,0.14592731904926512
gpt4o_v1.0_zero,0.2777777777777778,0.2093438997951949,0.24157266499252383,0.22592711783508584,0.264378514681196,0.24791516606642655,0.2777777777777778,0.15197121733455599
