file,accuracy,macro_f1,weighted_f1
gpto1_v3.1_zero.csv,0.46,0.37099287670017184,0.40761470543261025
gpt4olatest_v3.1_zero.csv,0.405,0.3406346640544667,0.3786872192882423
gpto3mini_v3.1_zero.csv,0.395,0.33147481709949167,0.36483431961898416
gpt4o_v3.1_zero.csv,0.375,0.3171614751968633,0.34979441274837697
gpt4o_v1.0_zero.csv,0.265,0.21311672822180636,0.2346903534351646
gpt4olatest_v1.0_zero.csv,0.235,0.2071866646670531,0.2136261794446904
gpto1_v1.0_zero.csv,0.23,0.20143600362592107,0.2008012057161595
gpto3mini_v1.0_zero.csv,0.235,0.19526442477904668,0.16422178807002483
