file,accuracy,macro_f1,weighted_f1
gpto1_v3.1_zero.csv,0.7916666666666666,0.5357142857142857,0.7291666666666666
gpt4olatest_v3.1_zero.csv,0.7916666666666666,0.49523809523809526,0.7277777777777779
gpt4o_v3.1_zero.csv,0.75,0.40816326530612246,0.7142857142857143
gpt4olatest_v1.0_zero.csv,0.4166666666666667,0.39913419913419906,0.4762626262626262
gpto1_v1.0_zero.csv,0.6666666666666666,0.38605442176870747,0.5753968253968254
gpt4o_v1.0_zero.csv,0.4166666666666667,0.31428571428571433,0.5083333333333334
gpto3mini_v1.0_zero.csv,0.4166666666666667,0.3142857142857142,0.49444444444444446
gpto3mini_v3.1_zero.csv,0.7083333333333334,0.3036789297658863,0.6473801560758083
