file,accuracy,macro_f1,weighted_f1,macro_precision,weighted_precision,macro_recall,weighted_recall,mcc
gpto1_v3.1_zero,0.84375,0.5428571428571428,0.79375,0.5238095238095238,0.7604166666666666,0.5714285714285714,0.84375,0.7620381812550248
gpto1_v1.0_zero,0.46875,0.5327731092436975,0.4875,0.5756302521008403,0.5625,0.5220588235294118,0.46875,0.23744319741657566
gpt4olatest_v3.1_zero,0.84375,0.5012531328320802,0.793859649122807,0.4610389610389611,0.7599431818181819,0.5714285714285714,0.84375,0.760466942348407
gpt4olatest_v1.0_zero,0.40625,0.31925465838509315,0.4934782608695652,0.4319727891156463,0.7611607142857143,0.3396358543417367,0.40625,0.3360272528561263
